"logFC_meta","SE_meta","p_meta","I2","tau2","Gene","Symbol","FDR"
1.0869597079714,0.319525025924359,0.00144393883402134,22.1202995362961,0.169309608126591,"1001","CDH3",0.0359961241449449
2.26519236816102,0.489836274627355,0.00200757134571765,53.5422204636104,0.633579377649554,"100133941","CD24",0.0402813991628308
1.18572773942466,0.250027824042975,0.000377397566503089,25.9860634314526,0.0909107039609237,"10051","SMC4",0.0217841661237958
1.65976016146141,0.606438694057776,0.00143741534727752,84.5459847745575,2.10050823270423,"10112","KIF20A",0.0359654259793499
1.09269004346394,0.323324492346326,0.000777832305987001,47.2538193607193,0.354261321828481,"1033","CDKN3",0.0292058560734161
-2.89596819395369,0.887102045258399,0.00248686461344252,91.6737341816947,4.9901035569913,"10351","ABCA8",0.0432877797689741
-4.49994246553776,0.48024436478012,4.50892079662405e-05,63.1450556537895,1.07733891057681,"10398","MYL9",0.0103077109712216
-2.38811309437814,0.691294872420721,0.00187250784853297,77.770472589442,2.45586563809981,"10418","SPON1",0.0395912769407019
-1.09291948471567,0.461521576896499,0.00238653121896672,78.7497131621838,1.10967178075914,"10486","CAP2",0.0425690476435888
-2.07127859866964,0.558776341648222,0.00231721617449944,90.1755898644998,1.93665849547667,"10516","FBLN5",0.0422718455027089
1.07395378575418,0.271436369661265,0.00040139354144349,55.7273857193225,0.320727940455036,"10535","RNASEH2A",0.0220328961645207
1.01839388333235,0.291820122203835,0.000823156760718541,37.4540736633371,0.251094738844674,"10576","CCT2",0.0295601664720059
-1.95835220666367,0.734439168174635,0.00213703124912243,91.9585725766618,2.87497339618572,"10580","SORBS1",0.0411007507340629
1.17554413281018,0.126179940875773,1.08242819272547e-05,0,0,"10606","PAICS",0.00644336661660691
1.70646144103815,0.6599866293164,0.00228340938934142,78.7580770222238,2.02521127547079,"1063","CENPF",0.0421745227226687
1.64782561731288,0.286374266534304,0.000206188316366678,48.9708377814631,0.262968215816217,"10653","SPINT2",0.0167486436822852
-1.1240314009552,0.373436235057749,0.00194429348852,82.2146664217398,0.829301599039145,"10659","CELF2",0.0400488674092385
-1.29908189528561,0.354329009249912,0.00120910035069272,73.893489368531,0.57622315666898,"10763","NES",0.0335963125030412
1.74591177824478,0.523391249583041,0.00222379633421568,48.7201421242237,0.881343025771735,"10804","GJB6",0.0419068074394526
-1.79475268524103,0.30577710078359,0.000146423003507527,83.1024594413935,0.491666944010214,"10826","FAXDC2",0.0152160305543585
-2.02871348456998,0.626563993247981,0.00350929513839273,85.8124206327344,1.97413927055155,"10875","FGL2",0.0495807151868439
-2.17273868273814,0.67814166362596,0.00190452112971493,86.7232757414071,2.92426362700738,"10979","FERMT2",0.0396797443985212
1.2300819899551,0.405483162745493,0.000916467557762597,75.9374490816459,0.943038175698842,"11004","KIF2C",0.0302659654936517
1.52812296669386,0.67970367375486,0.000958956798123548,84.9246761824803,2.60211395552053,"11065","UBE2C",0.0307614406022275
-2.01185639636423,0.453612762357909,0.00301553952650204,84.8874709575198,0.70791806523719,"11149","POPDC1",0.0468464562155399
-1.02873991463748,0.297532528899855,0.00198119069710934,73.2404194175786,0.452153868801381,"11168","PSIP1",0.0401577753606713
-1.97090482843572,0.500561551196655,0.0023434259277432,78.5339465593734,1.14711693462456,"11185","INMT",0.0423392962460868
-1.62251790868975,0.475814609147634,0.00290972667847569,88.4664893161146,1.36932853124741,"11343","MGLL",0.0461080711418099
1.1932209390247,0.23613869555334,0.000477463349638587,0.00181822848673564,5.57725028832726e-06,"113452","TMEM54",0.023841657592754
-1.19629245172124,0.139123667284974,0.000317468992419708,0.00112147859347778,1.1869925163366e-06,"114786","XKR4",0.0201117471709436
-1.02112092311026,0.468622619411253,0.00225890406988116,81.2144382746416,1.19873752350815,"114884","OSBPL10",0.0420715309076601
-1.39738135407399,0.295162921415176,0.00101307905854901,76.9390887080851,0.383675566864056,"114905","C1QTNF7",0.0311149018172512
-1.06752728064445,0.170456819565812,0.000149554432849987,21.7314492427941,0.0329970793478011,"114928","GPRASP2",0.0152160305543585
-1.44456863201214,0.427930976978436,0.000867588038269464,53.5567922760337,0.756691090805414,"1152","CKB",0.0296423960218375
-1.16322837896562,0.320516189382832,0.00225968709069686,52.7262165217041,0.368328842013167,"116159","CYYR1",0.0420715309076601
1.16438106955526,0.155800185077475,1.77827308841565e-05,0,0,"1163","CKS1B",0.00873739301613006
1.74019536706638,0.245653805160307,2.65439971605572e-05,5.02227966880428,0.0258404931158414,"1164","CKS2",0.00938120741753379
-2.00308576890166,0.58920515159224,0.000943042776054749,85.1602043791966,2.23410050238835,"116496","NIBAN1",0.0306457765042495
-2.39456657047204,0.503101275157803,0.00120644608150542,71.7003908989799,1.05035038746867,"119587","CPXM2",0.0335688623092909
-1.4089850936124,0.63290650379071,0.00263042206509831,76.7779675811235,2.10694703097739,"12","SERPINA3",0.0443221359643616
-1.13218287957103,0.208525251150426,0.000577869784681913,42.9472297383627,0.110163782418066,"122525","DORIP1",0.0256335891337045
-2.32290206688976,0.65448962912842,0.000432018759265639,91.1085106777679,2.82404313396474,"126393","HSPB6",0.0228425666808564
-7.27179986668784,0.671185246987094,4.23515170842853e-05,77.0691570325934,2.64863254763972,"1264","CNN1",0.0100167968616243
-1.84607014223647,0.441369493391596,0.00163148018575745,78.2935881399285,0.868939627984437,"127435","PODN",0.0372210286999818
-1.67845830272041,0.549393843660257,0.00197475573220418,58.4720313191931,1.21316715334378,"1292","COL6A2",0.0401577753606713
1.89892706660473,0.324403916982849,0.0026003362212259,70.9169958358622,0.443844530212428,"132299","OCIAD2",0.0441584838646118
-2.20415950542563,0.643811069563753,0.00151291878597577,89.357156716643,2.51600153910322,"1346","COX7A1",0.036338876291133
-1.06549611318684,0.416646294840476,0.0022975875973877,51.8877543250999,0.604462549851676,"1359","CPA3",0.0422007607931455
1.13743332267587,0.41021222530904,0.00338141616265845,68.8121841773239,0.661917893931144,"1366","CLDN7",0.0490414892705216
-1.50204522559747,0.312381928868399,0.00145625083186705,52.6164249217867,0.406420078336807,"137872","ADHFE1",0.0360564167799063
-1.23742546307735,0.238995772247869,0.000336335305528595,0,0,"139818","DOCK11",0.0206569351520535
-1.72789126672429,0.653068874088792,0.00111183568777612,94.6842431864941,2.55540603499721,"140597","TCEAL2",0.032460768014855
-2.08325019384825,0.418623903390883,0.000561656683760787,31.0087576184994,0.303513424770479,"140606","SELENOM",0.0253961780683734
-2.79298481077244,0.798984833853698,0.00118886739477167,87.9919352817411,3.75482198511195,"1410","CRYAB",0.0333097825697848
-1.00513061302335,0.26148042705467,0.00190200353691395,25.7454195856089,0.122176365052791,"144402","CPNE8",0.0396797443985212
-1.58295468701062,0.4044658544971,0.00192694164089894,84.188210474487,0.530496161046764,"145581","LRFN5",0.0399364602427048
-2.34950941235568,0.457924631108802,0.000267213051754594,81.4419757219227,1.29660100110011,"1465","CSRP1",0.0188416599803537
1.08152114937079,0.253938239211874,0.000443951414319116,62.4386748704216,0.307025653576518,"1476","CSTB",0.0231708724094959
1.48745259730341,0.426175414058622,0.00177262664614265,57.7901035431819,0.638834292239475,"150468","CKAP2L",0.0385216437826792
1.34360792210548,0.429377074293741,0.00353297095918733,0,0,"1510","CTSE",0.0497009078022547
-1.16885584921422,0.240408564416711,0.000904593505610356,48.7348834468463,0.17474581129833,"152926","PPM1K",0.0300214763929499
-1.38062998013215,0.241457446854798,0.000685912772623572,54.3810770040641,0.175962647776454,"153222","CREBRF",0.0275957316103021
-1.1360641309802,0.17801299891179,0.000124662549849962,0,0,"154043","CNKSR3",0.0146861231972368
1.04826717988921,0.0392501239818977,1.50119100764429e-07,0,0,"154467","CCDC167",0.00291021522641969
-2.41613494881983,0.472363667370291,0.00199390533967513,83.8171209437057,0.800311651644894,"158471","PRUNE2",0.0401672230677554
-2.36068722601495,0.514705494480471,0.000291453062020334,47.8557172123,0.856672438896143,"1634","DCN",0.0199027862183038
-2.66292177700583,0.123404759382329,9.25089828342587e-07,0,0,"166336","PRICKLE2",0.0029605830228571
-7.27444696577397,0.573912362491466,2.03377398005109e-05,73.4602373493937,1.83264864337506,"1674","DES",0.00906531175538612
-3.55196701007849,0.685074232985233,0.000453828464349185,86.1327988405645,2.84636071851048,"1675","CFD",0.0234419856777291
-3.34590804429091,0.63612333455387,0.000602549730010769,90.602264339354,2.60743531319555,"1805","DPT",0.0261602679117822
-1.47568843597217,0.630908370128655,0.00150111754745365,88.7518706984829,2.422749173845,"1809","DPYSL3",0.036338876291133
-1.30124083842663,0.340721440894062,0.00154175875885636,79.6063071147419,0.623022037658741,"185","AGTR1",0.0363685365306338
-2.08905287762178,0.486934641907029,0.00190442816689623,78.8881183183156,1.15878792225408,"1879","EBF1",0.0396797443985212
-1.82484234821691,0.404904421403864,0.0004308230197123,52.2648435097178,0.501795981617946,"2","A2M",0.0228425666808564
1.01347050415403,0.185299575059179,0.000130391204512713,54.7314800969647,0.14368013032957,"2023","ENO1",0.0149428641397579
1.13648261619799,0.324281408217394,0.000828221301190618,60.502795896232,0.398185819661674,"2041","EPHA1",0.0295601664720059
-1.02678619078517,0.307257365526099,0.000700057600991329,76.522970388099,0.507968724761564,"2054","STX2",0.0276738793977159
-1.46850224824922,0.48178540159709,0.00143529357675269,53.6707145649841,0.917551481542566,"217","ALDH2",0.0359654259793499
1.36447440424307,0.326820055424267,0.00132781717344694,65.6917825003363,0.435513979061353,"2177","FANCD2",0.0350824947457932
-1.43164760229381,0.335969877584075,0.00101315808083177,75.1182857852221,0.57050851577973,"219","ALDH1B1",0.0311149018172512
1.26348283613548,0.205533317260025,3.51543796770043e-05,0,0,"2194","FASN",0.00957006727828718
-2.01019476361296,0.503225031048587,0.00120635668720608,88.0259399896028,1.49160644752332,"219654","ZCCHC24",0.0335688623092909
1.11507034211628,0.192600031818771,0.000196660929128438,7.04357169311065,0.0239414722003714,"220042","DDIAS",0.0166935161827239
-1.01645744517883,0.376847662682754,0.00306361997568933,59.9824404928759,0.637627765405196,"221061","FAM171A1",0.0471479178076864
-2.02308876777343,0.523240104506312,0.00254636583437733,85.1816087468582,1.35496097744103,"221895","JAZF1",0.0436965573453324
-1.7432661958415,0.237252633848908,7.71680272956596e-05,18.1425438437293,0.0647887752510115,"222166","MTURN",0.012507312183235
1.54606423608895,0.469887564261787,0.00207566041570613,29.0339213188569,0.446109994099021,"2261","FGFR3",0.0406683343247122
-3.46756088015644,0.686983988631549,0.000396055336302872,84.952797419401,2.99646912592782,"2273","FHL1",0.0219748469755648
-1.0675423667135,0.232374797184612,0.000587209922152514,75.9181021259745,0.220777009325239,"22854","NTNG1",0.0259415436003561
-2.88880332376012,0.527849369182448,0.000488638296230002,84.3423542947408,1.60162269693913,"2294","FOXF1",0.0241857947851435
1.87039137469964,0.703324989619054,0.00271614312339403,81.0155575442659,2.42438929054533,"22974","TPX2",0.0448130247508376
-1.08287422690987,0.272656146986651,0.000618920618997869,81.7452718433317,0.405456779939519,"23017","FAIM2",0.0262225962089641
-1.6981382379144,0.427873888921719,0.000785677120924116,74.928073731259,1.0161745255092,"23048","FNBP1",0.0293793637321786
-1.0328578759124,0.236336816597834,0.000729519240820643,65.4900589033599,0.24415557958481,"23142","DCUN1D4",0.0282076105687752
-2.05340510455116,0.500061428030988,0.000770441231331982,79.7348906527367,1.39270679266656,"2316","FLNA",0.0291192093905868
-2.52639029981391,0.927925511495934,0.00119346969484291,93.705033806382,5.56970015348156,"2318","FLNC",0.0333922875036255
-1.06566213166892,0.354327752791159,0.00149412350888144,78.1220832996571,0.583804715194281,"23208","SYT11",0.036330554030964
-2.48835623084502,0.930851011040801,0.000937617412101998,87.4306186542838,5.52475351288263,"23336","SYNM",0.0306022265575149
-1.04362535862089,0.331834442652496,0.000968151912130719,77.94551072529,0.636357219398712,"23492","CBX7",0.0309147490162304
-1.15002294360579,0.255391501945271,0.000803023570198241,50.4091058451786,0.175622156685777,"23731","TMEM245",0.0294661381086404
-1.45717192336722,0.394879946823716,0.00343215591259056,95.7740110980296,1.02483927668725,"23743","BHMT2",0.0492687508873284
-1.49056934079443,0.419020055803159,0.00221403623192301,80.5325405208741,0.958631916390474,"23768","FLRT2",0.0418725111625624
-1.52569109138499,0.541708422842781,0.00228402866641369,73.6723409135052,1.54440945387613,"2532","ACKR1",0.0421745227226687
-4.39051739240217,0.474424019841859,0.000195366415396792,81.9077132565013,0.817407564258495,"256691","MAMDC2",0.0166935161827239
-5.48605251780558,0.713986800271504,0.0005017301314677,88.6292702051064,2.97865724775234,"25802","LMOD1",0.0245324114039243
1.12711257606267,0.291394955249246,0.00137220912775565,59.1470057982494,0.340733966214771,"2589","GALNT1",0.0354285347193032
-1.68455165789898,0.581456198228967,0.00156382804082029,82.3171369398744,1.93393836916564,"25891","PAMR1",0.036674541200872
1.84948875288139,0.650469651466345,0.00186229144590965,79.1228314754224,1.9261786911444,"259266","ASPM",0.0395134850007021
-2.65495631265866,0.423049384454149,0.000221975853648696,78.6495876434829,0.969991647844167,"25959","KANK2",0.0174675920771601
-1.81219183855705,0.413102617995566,0.000462890390465894,80.6516378616746,0.969457459758757,"25960","ADGRA2",0.0236175962078731
-1.92951880451843,0.604911767172726,0.000595898077008808,90.9119721116849,2.30938286150526,"25999","CLIP3",0.0260398411308947
-1.58811292304148,0.460182165124818,0.00137352621572479,80.0440823585418,1.26505235396289,"26040","SETBP1",0.0354285347193032
-1.25134736902551,0.330484858551229,0.000948922780557916,76.1337049222857,0.621474618211832,"26137","ZBTB20",0.0306457765042495
-1.19411660625329,0.381344731395309,0.00204281923927825,90.0811600323329,0.851652991710728,"2621","GAS6",0.0405844118099214
-1.46755682877495,0.552364661431245,0.00225234217061906,53.4525750672779,1.30215544676526,"26353","HSPB8",0.0420715309076601
1.06113439863898,0.318434712527819,0.00194309232908286,75.0061832229232,0.573901244698502,"26354","GNL3",0.0400488674092385
-1.93127263672095,0.544106635182497,0.00287956566810454,92.5601724702077,1.88941847751977,"2690","GHR",0.0459144310412704
2.45532639549974,0.28188712247311,2.7179187168259e-05,0,0,"2706","GJB2",0.00944008147421685
-2.56218481868769,0.556243986754922,0.000380370025211888,75.7391381332624,1.7605088858704,"27295","PDLIM3",0.0218306386264771
-1.05893952274877,0.223594293236781,0.000628221268606739,59.992267124099,0.145917612869046,"273","AMPH",0.0264207045012166
-1.59528910383809,0.605660964269877,0.00214363866154596,87.4288819433823,2.08422502023069,"274","BIN1",0.0411664450303558
1.2493122485636,0.487909626500794,0.0033857266688477,56.2751036052098,0.952967941523032,"2810","SFN",0.049062505083978
-2.13562893013637,0.543630832866821,0.00337305307639071,94.6119618058283,1.82169213778465,"283298","OLFML1",0.0490414892705216
-1.982927260487,0.522602352507928,0.000839682632163598,72.625732422636,1.47609020415703,"284119","CAVIN1",0.0295601664720059
-2.00738773685323,0.159287358137139,1.11947297880984e-05,20.757548786127,0.0333826345905669,"285195","SLC9A9",0.00644336661660691
-1.92560962545023,0.522368076913557,0.00117277369217109,59.6638649299577,1.31049993818765,"2878","GPX3",0.0331819185797565
1.077907397486,0.216934720153692,0.00220843455160552,62.3693237874635,0.178877898146266,"28998","MRPL13",0.0418128891373057
1.41588451214285,0.241266055527537,0.000173105363607773,15.6035839251112,0.0621600489824414,"29089","UBE2T",0.0159233221455643
-1.04273728421399,0.232779287869463,0.000157346356501337,76.3763750092476,0.343450642888984,"29091","STXBP6",0.0154980034156959
-1.7305597483186,0.325461891384792,0.000591481634682705,88.913905210772,0.572353320131978,"2949","GSTM5",0.0259920747913997
-1.2430019458902,0.188854731955472,0.00070746790904704,57.5970031749724,0.142618055942264,"29904","EEF2K",0.0276738793977159
-1.1283838155907,0.339810247836323,0.003353714331979,85.9803040872201,0.594863011056974,"29931","LINC00312",0.0490414892705216
-1.04778575210284,0.474902303825464,0.00206529547859325,83.3784236022448,1.32385009431075,"2995","GYPC",0.0406683343247122
-1.2630706981726,0.499325253063685,0.00356291779702075,80.429133541018,1.49935559969455,"29995","LMCD1",0.0499130591244666
1.17172255393586,0.13751986882383,3.19477364212126e-05,0,0,"3014","H2AX",0.00956685553752607
1.20722431744109,0.269631878380644,0.000214369506290855,58.4782338803237,0.360469122461818,"3149","HMGB3",0.0171142918853571
-1.33365115076381,0.166682279137465,4.276220055099e-05,0,0,"316","AOX1",0.0100167968616243
-1.20076355762843,0.328517882867103,0.0022791067303421,90.3696363721614,0.650402195854757,"3316","HSPB2",0.0421745227226687
1.67651822233699,0.210523693420065,0.0001789126632679,0,0,"342897","NCCRP1",0.0161623121144926
-1.79258434261917,0.828779647853932,0.00273702605951995,75.0712425103435,3.98630429977708,"347","APOD",0.0449709336691166
-2.9589102163035,0.478899404518698,0.000187060506713952,50.012008747703,0.7790593703565,"348093","RBPMS2",0.0164178060416012
1.90397903887993,0.484746910591842,0.00115431402206811,53.0917542054332,0.538990430268583,"3486","IGFBP3",0.0331209893160053
1.05234936743689,0.299682626756494,0.000592975717330203,35.2319930539985,0.284940921427016,"3557","IL1RN",0.0259920747913997
-1.67059529701327,0.337055865859431,0.000627428356427215,70.9860641893933,0.503708551278539,"358","AQP1",0.0264207045012166
1.08751430238924,0.302919988586653,0.0020360643351518,71.2001091834453,0.431068037513645,"3608","ILF2",0.0405073116048904
1.13402547858654,0.269002387581907,0.000425930909810031,54.313480202533,0.27434862890397,"3728","JUP",0.0228092031353434
1.18411459472207,0.342495277899043,0.00140278163757737,39.522961624901,0.211256477912481,"3832","KIF11",0.0356242496643658
2.38306326070398,0.754150855264879,0.00206681356621249,71.9554563685729,2.04679526098818,"3855","KRT7",0.0406683343247122
1.61114943106241,0.341937018579183,0.000204647751736178,38.7032189865125,0.32236910072283,"3856","KRT8",0.0166935161827239
1.10359774906085,0.296941554148785,0.000691223036580522,0,0,"3861","KRT14",0.0276283493490369
1.06355556837805,0.196357733006373,5.59070246894412e-05,0,0,"3866","KRT15",0.0112624701236879
1.41965342771339,0.292567909590771,0.000131007831589108,0,0,"3868","KRT16",0.0149428641397579
1.11872290492963,0.265814994330571,0.000715372138804598,54.9505641502338,0.310347375011498,"3875","KRT18",0.0277671902431958
1.1365090685246,0.450475422488977,0.00159190722610888,71.6867224058877,0.969497065379956,"3880","KRT19",0.0368881431380874
-1.2254618354118,0.358194852313338,0.00133050513704572,74.8272394041954,0.5956007886693,"4026","LPP",0.0350824947457932
1.67154739799739,0.331108740992383,0.000373500811190526,38.4691622287715,0.449748854947071,"4072","EPCAM",0.0216834981021128
-3.07228412822825,0.497576180701697,0.000555240030539174,91.4250763239584,1.37448473635483,"4129","MAOB",0.025363515680752
-1.28600116946766,0.548796185790156,0.00202314043150765,93.1236831496483,2.00318718974245,"4130","MAP1A",0.0404327023737318
1.24697159883685,0.214343890524852,0.000103505532913276,49.3185032993227,0.206640556241598,"4173","MCM4",0.0135522588073553
1.08775207547832,0.208241415455513,0.00016998017507665,51.3943027774021,0.15462786571565,"4176","MCM7",0.0159233221455643
-1.30802441596379,0.330361417988795,0.0007764574019103,74.3691255642245,0.601731565493803,"4211","MEIS1",0.0292058560734161
-2.93297812986293,0.743457189568533,0.00101940110197994,84.7036213827929,2.95785441952091,"4239","MFAP4",0.0311149018172512
-1.93435466368622,0.577449445130655,0.00154546472942946,49.7757410900872,1.35443818055621,"4256","MGP",0.0364133180986625
1.22021527558344,0.178137245590388,3.60619996331816e-05,15.8498230863954,0.026299973437363,"4282","MIF",0.00962942901902248
-1.18464035814484,0.330307127817759,0.000865488030194068,83.1399221457706,0.508752555351692,"4306","NR3C2",0.0296423960218375
1.74138783879597,0.582558079677806,0.00276622398427583,18.4751709456601,0.424318381774363,"4312","MMP1",0.0452318037039258
1.02541825185488,0.307016818964199,0.000979724827985619,0,0,"4319","MMP10",0.0309934839194109
-2.18411633789036,0.480604142361688,0.000757311401170983,84.0585907896042,1.40561765590573,"439921","MXRA7",0.0288940116980861
-2.30310190798508,0.778156243027822,0.000657870849997916,79.4086246753096,3.21811354574921,"4629","MYH11",0.0269366021813171
-1.12904249399804,0.267920082898568,0.000460954700682368,47.3956452438098,0.195389350447987,"4660","PPP1R12B",0.0236175962078731
-1.12714580865475,0.463999761841333,0.0032518047147235,77.5074588718528,1.13477223678732,"4774","NFIA",0.048375318412269
-1.4001621346489,0.448549150747758,0.00153655242947562,55.923934439087,0.927570860945872,"4781","NFIB",0.0363685365306338
1.00329877692429,0.22332107377723,0.000310566244019048,49.4260728609162,0.184243269672304,"4830","NME1",0.0201117471709436
-1.56677551159344,0.25683461094865,0.0014256262432863,78.1534241848239,0.300974494921379,"4919","ROR1",0.0358095270212002
-1.97138397668208,0.471003987316147,0.00119940309233828,88.0767005493149,1.41587058235822,"4921","DDR2",0.0335117549169967
-1.03353276319581,0.18024362909626,0.000229254273266463,17.9596459450885,0.0408496043093473,"492311","IGIP",0.0177304090858363
-2.81667176814636,0.594976364466171,0.000744418266060907,90.6270824169503,2.19520471688417,"5023","P2RX1",0.0285100873950513
1.51512073353464,0.393631781880202,0.000520554854173175,80.1866434032929,0.865115128369347,"5050","PAFAH1B3",0.0248842420833673
1.49469486227904,0.34126461623789,0.000420511875232109,65.8911381057784,0.550111188116934,"51155","JPT1",0.0226241055707979
2.39407363534462,0.608254065106752,0.000417131012219329,76.087138286746,1.90844340493892,"51203","NUSAP1",0.0225284296009608
-7.65201675263528,0.813587676509708,0.000133661439899789,83.4566062937893,3.42317874810949,"5121","PCP4",0.0151270208246138
-2.12144114546977,0.688816953084826,0.00218601491155592,92.3268710703105,3.02549461760813,"51285","RASL12",0.0415549190611424
-1.3484705857423,0.329851443084098,0.00118576641703843,82.7817137397191,0.645877621836078,"51435","SCARA3",0.0333097825697848
-1.94534798647908,0.50705977757638,0.00121380959815947,63.5336196977075,1.22726113188817,"5156","PDGFRA",0.0336555789525836
1.37513592827418,0.182309625716853,1.62386808928454e-05,17.0605705317733,0.0458059044252528,"51599","LSR",0.00832231868214909
1.08458294464683,0.518857051301215,0.00348128877365712,82.7100831367325,1.49840206073629,"51659","GINS2",0.0495807151868439
-1.39470803849141,0.345849286983669,0.000431338372797912,73.6846112734149,0.651365699949783,"5178","PEG3",0.0228425666808564
1.27419364882449,0.202388471993682,5.02725928637436e-05,0.000208828458964557,5.65370149881963e-07,"5226","PGD",0.0107738445025544
-3.24950862886368,0.658148327499609,0.00145370251566505,91.0436201514487,2.74648233583627,"53826","FXYD6",0.0360564167799063
2.27079137773049,0.221512973447041,3.13299689057634e-06,0,0,"54474","KRT20",0.00499938689417393
-1.01150441281149,0.283172215664159,0.00202796590806965,51.3390751415971,0.210113297281794,"54510","PCDH18",0.0404889724658703
-1.43019967849522,0.460617890134067,0.00256535054307218,37.370584900912,0.462466174249856,"54749","EPDR1",0.0439268395932099
-2.82001874831305,0.389593708065665,0.000704951965025676,93.2332639902574,0.981236126730461,"54796","BNC2",0.0276738793977159
-1.86802636892568,0.474774175235302,0.00114880580538203,90.7705257824539,1.43754514004169,"55022","PID1",0.0331082874812891
1.16040837035757,0.327043771245899,0.00217976483377613,62.4828120916954,0.592137949075419,"55034","MOCOS",0.0415132721001315
-3.19926028648084,0.534130680911505,0.00220643619146873,90.0584892917686,1.80275736851448,"55084","SOBP",0.0418128891373057
1.54500106141389,0.421054297103164,0.00139867552467534,48.4849453172047,0.671405491862565,"55086","RADX",0.0356242496643658
1.67192871614057,0.361066043988608,0.000264071659264078,54.6762002013537,0.522802954087529,"55165","CEP55",0.0188416599803537
-1.20589681322233,0.239867679907808,0.000187718111150826,31.0800239662477,0.147500081107688,"55214","P3H2",0.0164178060416012
1.18010072114316,0.404350627572945,0.00210122048026713,80.348078751948,0.881041309921426,"55215","FANCI",0.0408976681883877
-1.5671699241886,0.359232176999437,0.00212528378504107,92.1966169534238,0.832624375772089,"55273","TMEM100",0.0409789376855772
1.15954618948227,0.23906910345348,0.000471505171015504,29.1207787764621,0.0684311817056391,"552900","BOLA2",0.0238056934087903
1.09899183844549,0.0926717145185613,9.19316238542236e-06,0.00367115145723781,2.51543094958928e-06,"5531","PPP4C",0.00617320854181111
-1.39225689703503,0.207837261387587,0.000503387521599025,28.6738713086204,0.0731108468016919,"55529","PIP4P2",0.0245538538077781
1.19475207747902,0.257523976510174,0.000405153618716468,41.5544938264615,0.148526470435406,"55620","STAP2",0.0221187524364316
1.00919818498764,0.258649876385726,0.000934488689803724,46.1380825563243,0.194218133781966,"55706","NDC1",0.0306022265575149
1.00461237361986,0.349166495656414,0.00228517274180845,77.3257907324816,0.698493918304111,"55839","CENPN",0.0421745227226687
1.236816375941,0.402582786049483,0.00163070357779537,69.2967426621094,0.676478556231683,"55872","PBK",0.0372210286999818
1.29330104708903,0.368291412871275,0.000809896461122013,71.1198958933789,0.639729847427204,"5603","MAPK13",0.0294717969577067
-1.35871509858759,0.475928030678048,0.00352392249324703,81.1597842367709,1.21976318253086,"56034","PDGFC",0.0496374023360228
1.03058076081766,0.172656381320803,0.000350595962153854,22.8689836043372,0.0575654565709128,"56950","SMYD2",0.0210201061237779
-2.15050735853358,0.571260485171564,0.00156633672282076,89.2838194287299,2.05722927910626,"57088","PLSCR4",0.036674541200872
1.66649200451925,0.527635125226407,0.00309839907638315,79.4050228534638,1.33050400117594,"57111","RAB25",0.0473739231278205
-1.45210049875691,0.385526770997657,0.000491919529742034,80.9785679762455,0.914981843509711,"57161","PELI2",0.0242291416299591
-1.433898421836,0.391171809037188,0.00349189832006409,78.3654221344928,0.56460040434248,"57381","RHOJ",0.0495807151868439
-1.88163900512647,0.800195550188393,0.00210027725328702,96.7631224590084,4.28815085099047,"5740","PTGIS",0.0408976681883877
-1.11233445651146,0.420636971734341,0.00238963713036294,73.3695331265137,0.941097614588839,"57419","SLC24A3",0.0425690476435888
-2.53300280519289,0.765338024427883,0.00107125036453846,88.8045086023777,3.24973374255893,"5742","PTGS1",0.0318923006558532
-2.25875337487498,0.584174202991409,0.00150586296801947,91.6879797162723,1.98816922305293,"57484","RNF150",0.036338876291133
-1.1841951378911,0.308934202821389,0.0021111587655054,73.4933150122374,0.379387801419505,"57542","KLHL42",0.0409723442496207
-1.4076112642474,0.310042422326806,0.00189050583999481,72.9175952299802,0.259991308445801,"57569","ARHGAP20",0.039671083486141
-1.96213724191185,0.216843860829284,2.62570062918688e-05,0.000155348968345885,4.63722476400661e-07,"57616","TSHZ3",0.00938120741753379
-1.62877467076452,0.266732482077971,0.000242792290576003,14.9226748805181,0.050544627242769,"57631","LRCH2",0.0182501891554238
-1.06354380965652,0.138164632075853,5.66921456353047e-05,0,0,"57659","ZBTB4",0.0112784738768325
-1.58828754242412,0.469422110586628,0.00313213743147412,87.3448977322571,1.09517278779993,"57685","CACHD1",0.0476226267528269
-1.06594337828773,0.240554197565516,0.000681021786172326,74.1346454793362,0.204626684251673,"577","ADGRB3",0.0275770249420896
-1.75969018733185,0.455644683231603,0.00125049979851593,75.7960268112244,1.18042142697613,"58189","WFDC1",0.0340428006515897
-1.79498599471354,0.358879164363957,0.000311337786766972,81.0431583574523,0.753251639183803,"58494","JAM2",0.0201117471709436
-2.41582453262961,0.329964409919836,2.63629031639094e-05,16.3602282458773,0.14432918175284,"59","ACTA2",0.00938120741753379
-1.19502387103966,0.301937004134046,0.000821674036304505,81.4081311522362,0.450003166586856,"5915","RARB",0.0295601664720059
-1.26318015511944,0.435516898354676,0.0027860288658802,56.5937244539243,0.695137546333131,"5919","RARRES2",0.0452610377952295
-1.87328201782006,0.411674315708904,0.00112253325759742,82.6240515017538,0.823347277687326,"59271","EVA1C",0.032592934823576
-1.07032527666016,0.150807175482735,3.02001181336363e-05,5.08591221535896,0.0112160043971833,"59353","TMEM35A",0.00956685553752607
1.021698759588,0.152793247734994,0.00015902108100488,31.4287300034422,0.0743069959125449,"5985","RFC5",0.0154980034156959
-2.59427253681094,0.760063730722854,0.0024731036416414,75.4170915860964,2.75206425839531,"5997","RGS2",0.0431721601913918
-1.94860980052262,0.0567442119173152,1.93951286948864e-06,0,0,"619208","FAM229B",0.00390714867558486
-1.22283851575088,0.348044746359784,0.000550040422660049,75.3268646782315,0.744277039491784,"6237","RRAS",0.0251831007147425
2.17404300819072,0.59405490435325,0.00060509155593912,41.5476054252993,1.27358562206084,"6280","S100A9",0.0262141277298787
-1.50214343942812,0.371004150107503,0.00116722290990257,72.2279217689162,0.642740835433983,"6387","CXCL12",0.0331646058109834
-3.17621682914543,0.467915990724693,0.000249442203096398,52.3923962533238,0.611389736246249,"64094","SMOC2",0.0185310183148788
1.61020504270412,0.514040038553741,0.00130037676875792,76.9732549911119,1.16785996220381,"64151","NCAPG",0.0346968079557992
-1.11785752760481,0.420172236032023,0.00315106160837249,56.426098296671,0.694958210660574,"6422","SFRP1",0.0477248423992539
-1.99455224267491,0.460835531023094,0.000479518865149422,38.5903285830139,0.61590866636185,"6423","SFRP2",0.023841657592754
-1.46061316119606,0.433094988822539,0.00350368652093985,93.0150948360667,1.23192685190884,"6442","SGCA",0.0495807151868439
1.19257842637183,0.114558866070979,4.62454872012633e-06,0,0,"6472","SHMT2",0.00534233930360326
1.04660957956143,0.279745733388226,0.00050736833839309,53.5870162627432,0.296127863269687,"64943","NT5DC2",0.024628759462479
-4.43684358802013,0.580437585807312,0.00070316758629375,88.9977690146704,2.20993521230989,"65055","REEP1",0.0276738793977159
1.28089760390268,0.334622675253519,0.000558733055005139,62.2613979419861,0.50097133933212,"65108","MARCKSL1",0.0253961780683734
-2.24553252885234,0.640302333547783,0.00315168190335239,86.483889074656,2.54608829122559,"6525","SMTN",0.0477248423992539
-1.06424713180545,0.436204194449872,0.00347554459195206,67.8158288529854,0.829736862557388,"6586","SLIT3",0.0495807151868439
-1.08448671122121,0.346371674422881,0.00233456024905431,78.5022694750569,0.618969367520389,"6649","SOD3",0.0423334190675013
1.15390554796909,0.289293300935235,0.00150764083357786,67.6774544096542,0.383578379726989,"6692","SPINT1",0.036338876291133
1.25033434700674,0.463826245163793,0.00296627637991018,0,0,"6698","SPRR1A",0.0463941286283312
1.07784138121927,0.166184189115327,6.10252495693593e-05,0,0,"6732","SRPK1",0.0112784738768325
1.02668517327968,0.542276173937078,0.00219261218864561,83.0364741315623,1.84751515734222,"6790","AURKA",0.0415914995671053
-2.89259073496765,0.435229127150281,7.80990815542634e-05,42.0182214155782,0.720889340757281,"6876","TAGLN",0.012507312183235
-8.15372944051723,0.769688799664106,0.000202800155933037,86.6530815461684,3.56047645329439,"70","ACTC1",0.0166935161827239
1.41684140387172,0.282940540538008,0.000208984453640249,0.00141059539248359,7.57636598639239e-06,"7037","TFRC",0.0169075976649913
-1.13091909730562,0.462651743307066,0.00266334282023948,80.5284065038929,1.14933120209793,"7043","TGFB3",0.0445919787983277
-1.8674792378301,0.436827191769636,0.000891129896740737,64.6314169075674,0.740215027085219,"710","SERPING1",0.0298700951255422
-1.05850265444287,0.19636505422077,0.000252879782686531,0,0,"7102","TSPAN7",0.0185540492168329
-1.93196294251749,0.445836871488445,0.000324413632670874,89.5596829495482,1.22753608148679,"7111","TMOD1",0.0201117471709436
3.00711354261737,0.648173252806878,0.000264384102836843,57.7355743441782,1.37380970223053,"7153","TOP2A",0.0188416599803537
-1.50807836015503,0.599856517372885,0.00252249659260976,74.6255459637799,1.75858608500342,"716","C1S",0.0435438679161298
-2.69353113002674,0.408584653661392,0.000156481082199072,61.7394453817794,0.805915186957715,"7168","TPM1",0.0154980034156959
-3.05402401809942,0.636665121098264,0.000655257917648878,72.5229777681584,2.15169135804455,"7169","TPM2",0.0269366021813171
-3.74195749664944,0.544069206855321,3.34833372922941e-05,41.4249513568625,1.23089688826136,"72","ACTG2",0.00956701658541689
-1.50896447504074,0.391231144976042,0.00207599485025543,83.6225271373956,0.824047151490128,"7220","TRPC1",0.0406683343247122
1.31311206740456,0.582360574660834,0.00326653767104353,76.9125292375195,1.73718374423377,"7272","TTK",0.0483855892523323
1.72360996674826,0.249479776139091,3.41933578629941e-05,14.388924719136,0.0788094419272424,"7298","TYMS",0.00956701658541689
-2.86794655078523,0.846199072709249,0.00177716750609181,87.4204570976971,4.20471576120252,"730","C7",0.0385470542904981
1.08556206429851,0.16099914723972,2.25003043178275e-05,0,0,"7371","UCK2",0.00925038021393131
1.31499619308329,0.374376260672312,0.000984423086237475,72.8889585007798,0.742095511335274,"7422","VEGFA",0.0309934839194109
-1.73803101849587,0.42796659559582,0.000858654263569413,79.5809996233203,1.07474285207547,"7704","ZBTB16",0.0295601664720059
-2.06159228240817,0.484142778560605,0.00347735439730909,79.8504433126518,1.07391611259067,"7871","SLMAP",0.0495807151868439
1.25317576362398,0.366723431974327,0.00180522047022274,63.5432894593259,0.48608079128756,"79682","CENPU",0.0388386965188017
-1.1983074202021,0.116151973230246,5.44913980010675e-06,18.8374456099153,0.0172596961517728,"79776","ZFHX4",0.00534233930360326
-1.11236860859629,0.0570434145498654,9.5439868896641e-05,0,0,"79804","HAND2-AS1",0.0128175743928189
1.18181156522924,0.323645672966233,0.000991006681353838,45.4245285442455,0.413075128085478,"79852","EPHX3",0.0309934839194109
-1.2753338209394,0.656295769551459,0.00209665738165235,86.2771995206428,2.56257119243134,"79901","CYBRD1",0.0408976681883877
-1.10395340708381,0.455007405239916,0.00330380849726468,79.6682079029634,1.14387283011983,"79971","WLS",0.0485804541440854
-1.17197687267923,0.755393191438634,0.00272018535876242,96.1031683574229,3.73427920551154,"79974","CPED1",0.044842990222806
-1.58415332058729,0.400174218585242,0.00315559642967517,69.9502646569229,0.614986714177566,"79987","SVEP1",0.0477248423992539
-1.05632846789294,0.25257702319508,0.00323053626206892,71.099602190519,0.209191425936825,"80318","GKAP1",0.0483467988255795
-1.99426382025824,0.694731869214776,0.00346033412431434,86.2934507332588,2.68878334405354,"8076","MFAP5",0.0494793623203268
-1.23923502120751,0.387568588394254,0.00262427948841328,82.530722779268,0.878653923267834,"8082","SSPN",0.0443135878408094
-1.89065371152474,0.595516963081325,0.00257139183649352,85.9934175267064,2.11513867129438,"81035","COLEC12",0.0439734198184736
1.19332485144747,0.396795079670886,0.00326985224347057,49.9969955480895,0.585481584621878,"8140","SLC7A5",0.0483990987837727
1.46441762911182,0.344864255730176,0.00083706178611784,68.063558988068,0.489192124337365,"81539","SLC38A1",0.0295601664720059
-1.1339851137058,0.234153132418899,0.000143119116584439,74.4587581633812,0.336573329929445,"81563","C1orf21",0.0152160305543585
-1.05836935692531,0.223802194351491,0.00121740007285834,72.805834050882,0.253446521903254,"81849","ST6GALNAC5",0.0336555789525836
-1.25527663701608,0.533149433777215,0.00287186818815438,92.9142047796047,1.73564918607934,"8309","ACOX2",0.0459144310412704
-1.08390402668681,0.29851511853805,0.0011228342897772,22.4387363201355,0.133498242845348,"8313","AXIN2",0.032592934823576
-1.31636035997719,0.461668060875825,0.00124082171641972,86.0523682434828,1.33708017256525,"8324","FZD7",0.0340428006515897
-1.02837343059672,0.205230383763727,0.00133442821216821,79.3190871486106,0.212297070268149,"83478","ARHGAP24",0.0351018212188702
-2.63267056098302,0.547740531350039,0.000376436774939649,84.4664275363635,1.8141031472514,"83700","JAM3",0.0217841661237958
-2.05495694226594,0.655963691165743,0.00295816170879529,83.2268383268319,2.49897534399325,"83716","CRISPLD2",0.0463205860583075
1.20487606831321,0.215919141128284,0.000315365765602056,5.30779929314925,0.0309189160586914,"83879","CDCA7",0.0201117471709436
-2.38882079086636,0.465813213881486,0.000160095442866281,51.9492241412524,0.804328855931436,"8404","SPARCL1",0.0154980034156959
-3.61552453995828,0.927948938307096,0.00192564508466067,87.0230150806673,4.98877325507596,"8406","SRPX",0.0399364602427048
-1.86309304875809,0.443850626506171,0.000683094338352083,91.6434207614821,1.22257093744097,"8434","RECK",0.0275770249420896
-1.74923103191646,0.636438980937644,0.00175323787268363,89.4590276422238,2.39328094265078,"8436","CAVIN2",0.0385216437826792
-4.76968057749268,0.593696452502898,0.000319653693239878,90.1709740624208,1.88494208903715,"845","CASQ2",0.0201117471709436
-2.02598587641102,0.599096319869178,0.000860155243513095,83.2859105652714,2.15232930059565,"8470","SORBS2",0.0295601664720059
-1.08792698079789,0.237625109576472,0.000868156547673572,49.5770001897333,0.188106309684596,"84870","RSPO3",0.0296423960218375
-2.63875188457943,0.236653560019044,1.24759464635049e-05,3.95648717441509,0.0247833565126058,"84952","CGNL1",0.00679264706776505
-1.885355928863,0.234714144782245,0.00013688602780271,49.5713955133424,0.145281192269255,"85004","RERG",0.0152160305543585
-1.19678890769349,0.47138581815153,0.00101932032127753,82.4338158281839,1.28064522956234,"8516","ITGA8",0.0311149018172512
-1.27007531875122,0.521894797608418,0.00317230092267775,88.0713670512531,1.59085637432916,"8522","GAS7",0.0477919201316061
-2.352889153186,0.669475725384148,0.00234240385823167,92.6490331267336,2.86893366012685,"85458","DIXDC1",0.0423392962460868
-1.47972733722202,0.376394302632712,0.000573193085015272,53.2709699720146,0.655974809433312,"857","CAV1",0.0256335891337045
-1.54355094119678,0.550464321975389,0.00144090575264936,84.1810918368402,1.73157412765398,"8630","HSD17B6",0.0359690785466188
1.5003037946597,0.477386246211884,0.00162248127918725,77.0737788354821,1.10383528026357,"891","CCNB1",0.037184493321282
1.09681152844878,0.362525101883131,0.00111981446618766,78.5107913483064,0.782408565655352,"8914","TIMELESS",0.032592934823576
-1.81794026611486,0.350435704088125,0.00248357545597274,84.154542767273,0.759464318625987,"89927","BMERB1",0.0432799546371719
-1.08138927179003,0.358062995171324,0.00319086273131287,80.2715607617047,0.591489163992256,"90293","KLHL13",0.0478749798101934
-1.20727199946808,0.34926448207029,0.00260345302341765,91.7519523491563,0.72276439059803,"90362","FAM110B",0.0441584838646118
2.0091756704904,0.405959257564662,0.000147697519235846,59.5359839430164,0.744210001747261,"9055","PRC1",0.0152160305543585
-1.09785009784381,0.391781585103837,0.00256648747586041,67.4181126309119,0.691061437850897,"90865","IL33",0.0439268395932099
1.62478306467498,0.433245296873962,0.000887310076682136,40.412264464801,0.661749330877845,"9118","INA",0.0298411711097857
2.14547292363102,0.602820236055172,0.000521783870417458,83.3783270000677,2.17963093028443,"9133","CCNB2",0.0248842420833673
-3.04354117069488,0.686420142922501,0.00282032290567307,87.4929313053737,2.46738439041283,"91624","NEXN",0.0455982383104205
-1.89485787003511,0.0619648279535325,5.19620550235201e-06,0,0,"91653","BOC",0.00534233930360326
-1.90098341102596,0.522360832993005,0.00317048573096178,71.905333051701,1.20098611555783,"91663","MYADM",0.0477919201316061
-1.37793822286848,0.302828538465096,0.000271602900817231,70.499315733079,0.549037254140115,"9200","HACD1",0.0189980570727886
1.16142948697369,0.495222309542847,0.00154011124005317,79.7968201550301,1.38971911449588,"9212","AURKB",0.0363685365306338
1.1065818049411,0.366656034347,0.00105570936837425,66.7697896710862,0.731257718359894,"9232","PTTG1",0.0316948811116234
1.16437399234245,0.484520729310313,0.00161065767345037,73.8829229549829,1.2975591490277,"9319","TRIP13",0.0371668944234338
-2.56541615050098,0.732009469675717,0.00175480541743439,91.9154540566309,3.37597455021575,"9353","SLIT2",0.0385216437826792
-1.48559314799355,0.224051820234487,0.000113461936144498,70.5819999391441,0.261367198064995,"9413","ENTREP1",0.0139371384367738
-2.82956542211914,0.454125513303594,0.00035753855979282,68.9184331762895,0.818340697008685,"94274","PPP1R14A",0.0213270741500649
-2.17992255966828,0.677834047163333,0.00188396224306002,80.9089639067255,2.65839901638607,"9452","ITM2A",0.039657700508301
-1.42052622529969,0.374447607375231,0.0014488216034797,94.2721615282093,0.780197761694527,"9499","MYOT",0.036032729879134
-1.13904845750549,0.261587170015296,0.000776070007285507,78.37810497549,0.415458557764018,"9764","KIAA0513",0.0292058560734161
2.10644128168711,0.590761933929956,0.000796366547559412,81.4701909776164,2.09899653512986,"9768","PCLAF",0.029449329391263
1.42504287080645,0.538703011701148,0.00243377675792387,69.8702603030501,1.13208468748539,"9787","DLGAP5",0.0428599334917272
1.62384954907399,0.53643575911978,0.00152926418441707,81.7915403910714,1.5618389113347,"983","CDK1",0.0363685365306338
1.35896979705661,0.36151627828589,0.000532861887211057,54.3826792433486,0.487751704615933,"9833","MELK",0.0248842420833673
-2.52467698006666,0.721784550007408,0.00167939770884485,93.0756840353104,3.48517959308271,"9890","PLPPR4",0.0376910115327479
2.05639519834902,0.675910649740284,0.000612665835063471,78.5150407004321,2.36927486195446,"991","CDC20",0.0262225962089641
-1.02297888696041,0.23029612751682,0.000547236772960751,29.9387461728997,0.0946675003623303,"9945","GFPT2",0.0251118104585292
